ticker,sector,country,longName,currency,marketCap,bookValue,regularMarketPrice,asOfDate,EBIT,TotalAssets,TotalDebt,LongTermDebt,CurrentAssets,CurrentLiabilities,GoodwillAndOtherIntangibleAssets,NetPPE,CashCashEquivalentsAndShortTermInvestments
AACG,Consumer Defensive,China,ATA Creativity Global,USD,36230956.0,5.98,1.1466,,,,,,,,,,
AACI,Financial Services,United States,Armada Acquisition Corp. I,USD,204195664.0,-0.053,9.86,,,,,,,,,,
AACIU,Financial Services,United States,Armada Acquisition Corp. I,USD,,-0.053,10.09,,,,,,,,,,
AACIW,,,Armada Acquisition Corp. I,USD,,0.005,0.2798,,,,,,,,,,
AADI,Healthcare,United States,"Aadi Bioscience, Inc.",USD,343658208.0,6.528,16.41,,,,,,,,,,
AAL,Industrials,United States,American Airlines Group Inc.,USD,12743485440.0,-13.764,19.62,,,,,,,,,,
AAME,Financial Services,United States,Atlantic American Corporation,USD,60524444.0,6.93,2.97,,,,,,,,,,
AAOI,Technology,United States,"Applied Optoelectronics, Inc.",USD,77085400.0,9.317,2.8,,,,,,,,,,
AAON,Industrials,United States,"AAON, Inc.",USD,2659541248.0,8.875,49.66,,,,,,,,,,
AAPL,Technology,United States,Apple Inc.,USD,2645308997632.0,4.158,163.44,,,,,,,,,,
AATC,Technology,United States,Autoscope Technologies Corporation,USD,34962592.0,3.68,6.5,,,,,,,,,,
AAWW,Industrials,United States,"Atlas Air Worldwide Holdings, Inc.",USD,2001052032.0,96.158,70.55,,,,,,,,,,
ABCB,Financial Services,United States,Ameris Bancorp,USD,3054626304.0,42.755,43.99,,,,,,,,,,
ABCL,Healthcare,Canada,AbCellera Biologics Inc.,USD,2226017792.0,3.621,7.8236,,,,,,,,,,
ABCM,Healthcare,United Kingdom,Abcam plc,USD,3446957312.0,2.871,14.964,,,,,,,,,,
ABGI,Financial Services,United States,ABG Acquisition Corp. I,USD,190232784.0,-0.238,9.84,,,,,,,,,,
ABIO,Healthcare,United States,"ARCA biopharma, Inc.",USD,35016544.0,3.542,2.43,,,,,,,,,,
ABMD,Healthcare,United States,"Abiomed, Inc.",USD,13595182080.0,33.007,298.5,,,,,,,,,,
ABNB,Consumer Cyclical,United States,"Airbnb, Inc.",USD,104066596864.0,7.538,152.975,,,,,,,,,,
ABOS,Healthcare,United States,"Acumen Pharmaceuticals, Inc.",USD,157910192.0,5.564,3.88,,,,,,,,,,
ABSI,Healthcare,United States,Absci Corporation,USD,542120064.0,3.952,5.81,,,,,,,,,,
ABST,Technology,Canada,Absolute Software Corporation,USD,400374528.0,0.29,7.83,,,,,,,,,,
ABTX,Financial Services,United States,"Allegiance Bancshares, Inc.",USD,855676480.0,40.146,41.99,,,,,,,,,,
ABUS,Healthcare,United States,Arbutus Biopharma Corporation,USD,379316224.0,1.169,2.5295,,,,,,,,,,
ABVC,Healthcare,United States,"ABVC BioPharma, Inc.",USD,69403712.0,0.311,2.29,,,,,,,,,,
ACAB,Financial Services,United States,Atlantic Coastal Acquisition Corp. II,USD,298500000.0,0.003,9.95,,,,,,,,,,
ACABU,Financial Services,United States,Atlantic Coastal Acquisition Corp. II,USD,,0.003,10.03,,,,,,,,,,
ACABW,Financial Services,United States,Atlantic Coastal Acquisition Corp. II,USD,,0.003,0.19,,,,,,,,,,
ACAD,Healthcare,United States,ACADIA Pharmaceuticals Inc.,USD,3144617472.0,3.359,19.48,,,,,,,,,,
ACAH,Financial Services,United States,Atlantic Coastal Acquisition Corp.,USD,422193760.0,-0.758,9.79,,,,,,,,,,
ACAHU,Financial Services,United States,Atlantic Coastal Acquisition Corp.,USD,,-0.758,9.8,,,,,,,,,,
ACAHW,,,Atlantic Coastal Acquisition Corp.,,,,0.1999,,,,,,,,,,
ACAX,Financial Services,United States,Alset Capital Acquisition Corp.,USD,111762152.0,0.011,9.93,,,,,,,,,,
ACAXR,,United States,Alset Capital Acquisition Corp.,USD,,0.011,0.12,,,,,,,,,,
ACAXU,Financial Services,United States,Alset Capital Acquisition Corp.,USD,,0.011,10.08,,,,,,,,,,
ACAXW,Financial Services,United States,Alset Capital Acquisition Corp.,USD,,0.011,0.14,,,,,,,,,,
ACB,Healthcare,Canada,Aurora Cannabis Inc.,USD,666348096.0,9.851,3.1,,,,,,,,,,
ACBA,Financial Services,Hong Kong,Ace Global Business Acquisition Limited,USD,61992960.0,-0.512,10.24,,,,,,,,,,
ACBAU,Financial Services,Hong Kong,Ace Global Business Acquisition Limited,USD,,-0.512,10.895,,,,,,,,,,
ACBAW,,,Ace Global Business Acquisition Limited,USD,,,0.0535,,,,,,,,,,
ACCD,Healthcare,United States,"Accolade, Inc.",USD,407958880.0,12.754,6.08,,,,,,,,,,
ACER,Healthcare,United States,Acer Therapeutics Inc.,USD,34905728.0,-0.12,2.2799,,,,,,,,,,
ACET,Healthcare,United States,"Adicet Bio, Inc.",USD,625350528.0,7.628,15.6322,,,,,,,,,,
ACEV,Financial Services,United States,ACE Convergence Acquisition Corp.,USD,138127760.0,-0.95,9.9,,,,,,,,,,
ACEVU,Financial Services,United States,ACE Convergence Acquisition Corp.,USD,,-0.95,10.25,,,,,,,,,,
ACEVW,,,ACE Convergence Acquisition Corp.,USD,,,0.62,,,,,,,,,,
ACGL,Financial Services,Bermuda,Arch Capital Group Ltd.,USD,17629298688.0,33.742,46.92,,,,,,,,,,
ACGLN,Financial Services,Bermuda,Arch Capital Group Ltd.,USD,,33.742,18.95,,,,,,,,,,
ACGLO,Financial Services,Bermuda,Arch Capital Group Ltd.,USD,13276937216.0,33.742,22.77,,,,,,,,,,
ACHC,Healthcare,United States,"Acadia Healthcare Company, Inc.",USD,6489949184.0,28.277,71.65,,,,,,,,,,
ACHL,Healthcare,United Kingdom,Achilles Therapeutics plc,USD,88110848.0,7.131,2.26,,,,,,,,,,
ACHV,Healthcare,Canada,"Achieve Life Sciences, Inc.",USD,70494592.0,2.966,7.44,,,,,,,,,,
ACIU,Healthcare,Switzerland,AC Immune SA,USD,292176512.0,3.003,3.5,,,,,,,,,,
ACIW,Technology,United States,"ACI Worldwide, Inc.",USD,3243084800.0,10.756,28.2,,,,,,,,,,
ACKIT,Financial Services,United States,Ackrell SPAC Partners I Co.,USD,,-0.028,10.26,,,,,,,,,,
ACKIU,Financial Services,United States,Ackrell SPAC Partners I Co.,USD,,-0.028,10.39,,,,,,,,,,
ACKIW,,,Ackrell SPAC Partners I Co.,USD,,,0.35,,,,,,,,,,
ACLS,Technology,United States,"Axcelis Technologies, Inc.",USD,1968717824.0,16.214,59.33,,,,,,,,,,
ACLX,Healthcare,United States,"Arcellx, Inc.",USD,334194368.0,-223.287,9.3516,,,,,,,,,,
ACMR,Technology,United States,"ACM Research, Inc.",USD,954230656.0,11.52,16.14,,,,,,,,,,
ACNB,Financial Services,United States,ACNB Corporation,USD,296822656.0,29.403,34.09,,,,,,,,,,
ACON,Healthcare,United States,"Aclarion, Inc.",USD,18126456.0,-14.168,2.19,,,,,,,,,,
ACONW,Healthcare,United States,"Aclarion, Inc.",USD,,-14.168,0.7289,,,,,,,,,,
ACOR,Healthcare,United States,"Acorda Therapeutics, Inc.",USD,16937944.0,11.412,1.21,,,,,,,,,,
ACQR,Financial Services,United States,Independence Holdings Corp.,USD,609980800.0,-0.564,9.823,,,,,,,,,,
ACQRU,Financial Services,United States,Independence Holdings Corp.,USD,,-0.564,9.89,,,,,,,,,,
ACQRW,,,Independence Holdings Corp.,,,,0.395,,,,,,,,,,
ACRS,Healthcare,United States,"Aclaris Therapeutics, Inc.",USD,848238784.0,3.223,12.83,,,,,,,,,,
ACST,Healthcare,Canada,Acasti Pharma Inc.,USD,46357400.0,2.508,1.0421,,,,,,,,,,
ACT,Financial Services,United States,"Enact Holdings, Inc.",USD,3943845888.0,25.212,24.219,,,,,,,,,,
ACTD,Financial Services,United States,ArcLight Clean Transition Corp. II,USD,386231328.0,-0.684,9.93,,,,,,,,,,
ACTDU,Financial Services,United States,ArcLight Clean Transition Corp. II,USD,,-0.684,10.19,,,,,,,,,,
ACTDW,,,ArcLight Clean Transition Corp. II,USD,,,1.75,,,,,,,,,,
ACTG,Industrials,United States,Acacia Research Corporation,USD,219825328.0,4.515,4.73,,,,,,,,,,
ACVA,Technology,United States,ACV Auctions Inc.,USD,1952156416.0,3.563,12.43,,,,,,,,,,
ACXP,Healthcare,United States,"Acurx Pharmaceuticals, Inc.",USD,38402824.0,1.215,3.7314,,,,,,,,,,
ADAG,Healthcare,China,Adagene Inc.,USD,161162288.0,3.585,3.68,,,,,,,,,,
ADAL,Financial Services,United States,Anthemis Digital Acquisitions I Corp,USD,300365632.0,0.002,9.95,,,,,,,,,,
ADALU,Financial Services,United States,Anthemis Digital Acquisitions I Corp,USD,,0.002,10.2637,,,,,,,,,,
ADALW,Financial Services,United States,Anthemis Digital Acquisitions I Corp,USD,,0.002,0.27,,,,,,,,,,
ADAP,Healthcare,United Kingdom,Adaptimmune Therapeutics plc,USD,288631584.0,1.318,1.84,,,,,,,,,,
ADBE,Technology,United States,Adobe Inc.,USD,195237003264.0,29.184,413.2,,,,,,,,,,
ADER,Financial Services,United States,26 Capital Acquisition Corp.,USD,341000000.0,-0.831,9.92,,,,,,,,,,
ADERU,Financial Services,United States,26 Capital Acquisition Corp.,USD,,-0.831,10.1,,,,,,,,,,
ADERW,,,26 Capital Acquisition Corp.,USD,,,0.54,,,,,,,,,,
ADES,Industrials,United States,"Advanced Emissions Solutions, Inc.",USD,114930096.0,8.045,6.1,,,,,,,,,,
ADGI,Healthcare,United States,"Adagio Therapeutics, Inc.",USD,338895744.0,5.692,3.09,,,,,,,,,,
ADI,Technology,United States,"Analog Devices, Inc.",USD,84363616256.0,71.52,161.21,,,,,,,,,,
ADIL,Healthcare,United States,"Adial Pharmaceuticals, Inc.",USD,34583200.0,0.167,1.39,,,,,,,,,,
ADILW,,,"Adial Pharmaceuticals, Inc. WT EXP 073123",USD,,,0.4,,,,,,,,,,
ADMA,Healthcare,United States,"ADMA Biologics, Inc.",USD,381398944.0,0.721,1.945,,,,,,,,,,
ADN,Utilities,United States,"Advent Technologies Holdings, Inc.",USD,102197416.0,2.54,1.91,,,,,,,,,,
ADNWW,,,"Advent Technologies Holdings, Inc.",USD,,,0.3466,,,,,,,,,,
ADP,Industrials,United States,"Automatic Data Processing, Inc.",USD,94201954304.0,10.026,225.5,,,,,,,,,,
ADPT,Healthcare,United States,Adaptive Biotechnologies Corporation,USD,1282851584.0,4.272,9.02,,,,,,,,,,
ADSE,Industrials,Ireland,ADS-TEC Energy PLC,USD,330429472.0,-429.664,6.77,,,,,,,,,,
ADSEW,Industrials,Ireland,ADS-TEC Energy PLC,USD,,-429.664,0.8033,,,,,,,,,,
ADSK,Technology,United States,"Autodesk, Inc.",USD,43572834304.0,3.891,200.31,,,,,,,,,,
ADTH,Communication Services,United States,"AdTheorent Holding Company, Inc.",USD,719296896.0,1.321,8.36,,,,,,,,,,
ADTHW,Communication Services,United States,"AdTheorent Holding Company, Inc.",USD,,1.586,0.85,,,,,,,,,,
ADTN,Technology,United States,"ADTRAN, Inc.",USD,830214592.0,7.278,16.835,,,,,,,,,,
ADUS,Healthcare,United States,Addus HomeCare Corporation,USD,1333604864.0,36.397,82.98,,,,,,,,,,
ADV,Communication Services,United States,Advantage Solutions Inc.,USD,1641567744.0,7.835,5.15,,,,,,,,,,
ADVM,Healthcare,United States,"Adverum Biotechnologies, Inc.",USD,110618264.0,3.214,1.12,,,,,,,,,,
ADVWW,,,Advantage Solutions Inc.,USD,,,0.79,,,,,,,,,,
ADXN,Healthcare,Switzerland,Addex Therapeutics Ltd,USD,29411820.0,2.682,4.5,,,,,,,,,,
AEAC,Financial Services,United States,Authentic Equity Acquisition Corp.,USD,295200000.0,-0.601,9.84,,,,,,,,,,
AEACU,Financial Services,United States,Authentic Equity Acquisition Corp.,USD,,-0.601,9.93,,,,,,,,,,
AEACW,,,Authentic Equity Acquisition Corp.,USD,,,0.1898,,,,,,,,,,
AEAE,Financial Services,United States,AltEnergy Acquisition Corp.,USD,286350016.0,7.445,9.96,,,,,,,,,,
AEAEU,Financial Services,United States,AltEnergy Acquisition Corp.,USD,,7.445,10.12,,,,,,,,,,
AEAEW,Financial Services,United States,AltEnergy Acquisition Corp.,USD,,-0.02,0.24,,,,,,,,,,
AEHA,Financial Services,United States,Aesther Healthcare Acquisition Corp.,USD,133704744.0,-0.139,10.11,,,,,,,,,,
AEHAU,Financial Services,United States,Aesther Healthcare Acquisition Corp.,USD,,-0.139,10.16,,,,,,,,,,
AEHAW,,,Aesther Healthcare Acquisition Corp.,USD,,-0.1,0.26,,,,,,,,,,
AEHL,Industrials,China,Antelope Enterprise Holdings Limited,USD,6784857.0,11.483,1.1227,,,,,,,,,,
AEHR,Technology,United States,Aehr Test Systems,USD,219420816.0,1.634,8.15,,,,,,,,,,
AEIS,Industrials,United States,"Advanced Energy Industries, Inc.",USD,3011456512.0,23.168,80.18,,,,,,,,,,
AEMD,Healthcare,United States,"Aethlon Medical, Inc.",USD,17719430.0,1.343,1.15,,,,,,,,,,
AEP,Utilities,United States,"American Electric Power Company, Inc.",USD,51205472256.0,46.328,99.71,,,,,,,,,,
AEPPZ,Utilities,United States,"American Electric Power Company, Inc.",USD,,46.328,55.86,,,,,,,,,,
AERC,Industrials,United States,"AeroClean Technologies, Inc.",USD,40800144.0,0.174,2.94,,,,,,,,,,
AERI,Healthcare,United States,"Aerie Pharmaceuticals, Inc.",USD,380822240.0,-0.371,7.83,,,,,,,,,,
AEY,Technology,United States,"ADDvantage Technologies Group, Inc.",USD,15436002.0,0.714,1.1288,,,,,,,,,,
AEYE,Technology,United States,"AudioEye, Inc.",USD,45817292.0,1.539,3.8478,,,,,,,,,,
AFAC,Financial Services,United States,Arena Fortify Acquisition Corp.,USD,215624992.0,0.006,10.0,,,,,,,,,,
AFACU,Financial Services,United States,Arena Fortify Acquisition Corp.,USD,,0.006,10.15,,,,,,,,,,
AFACW,Financial Services,United States,Arena Fortify Acquisition Corp.,,,0.006,0.22,,,,,,,,,,
AFAQ,Financial Services,United States,AF Acquisition Corp.,USD,273840000.0,-0.48,9.78,,,,,,,,,,
AFAQU,Financial Services,United States,AF Acquisition Corp.,USD,,-0.48,9.84,,,,,,,,,,
AFAQW,,,AF Acquisition Corp.,USD,,,0.2119,,,,,,,,,,
AFARU,Financial Services,Singapore,Aura FAT Projects Acquisition Corp,USD,,0.008,9.98,,,,,,,,,,
AFBI,Financial Services,United States,"Affinity Bancshares, Inc.",USD,99944792.0,17.601,15.1,,,,,,,,,,
AFCG,Real Estate,United States,"AFC Gamma, Inc.",USD,318255552.0,16.608,16.12,,,,,,,,,,
AFIB,Healthcare,United States,"Acutus Medical, Inc.",USD,31797534.0,3.782,1.075,,,,,,,,,,
AFMD,Healthcare,Germany,Affimed N.V.,USD,586779776.0,1.102,3.8899,,,,,,,,,,
AFRM,Technology,United States,"Affirm Holdings, Inc.",USD,7950601216.0,8.716,27.9501,,,,,,,,,,
AFYA,Consumer Defensive,Brazil,Afya Limited,USD,1387463936.0,32.021,15.0,,,,,,,,,,
AGBA,Financial Services,Hong Kong,AGBA Acquisition Limited,USD,57095704.0,-1.363,11.37,,,,,,,,,,
AGBAR,,,AGBA Acquisition Limited,USD,,,0.185,,,,,,,,,,
AGBAU,Financial Services,Hong Kong,AGBA Acquisition Limited,USD,,-1.363,10.7,,,,,,,,,,
AGBAW,,,AGBA Acquisition Limited,USD,,,0.0805,,,,,,,,,,
AGEN,Healthcare,United States,Agenus Inc.,USD,476322976.0,0.134,1.795,,,,,,,,,,
AGFS,Consumer Defensive,United States,"AgroFresh Solutions, Inc.",USD,96972192.0,4.395,1.85,,,,,,,,,,
AGFY,Industrials,United States,Agrify Corporation,USD,75235128.0,6.172,2.8338,,,,,,,,,,
AGGR,Financial Services,United States,Agile Growth Corp.,USD,380912512.0,-0.56,9.83,,,,,,,,,,
AGGRU,Financial Services,United States,Agile Growth Corp.,USD,,-0.56,9.87,,,,,,,,,,
AGGRW,,,Agile Growth Corp.,,,,0.2285,,,,,,,,,,
AGIL,Technology,United States,"AgileThought, Inc.",USD,243259104.0,1.887,4.61,,,,,,,,,,
AGILW,,,"AgileThought, Inc.",USD,,33.428,0.5,,,,,,,,,,
AGIO,Healthcare,United States,"Agios Pharmaceuticals, Inc.",USD,1277677184.0,23.778,23.32,,,,,,,,,,
AGLE,Healthcare,United States,"Aeglea BioTherapeutics, Inc.",USD,76600840.0,1.701,1.55,,,,,,,,,,
AGMH,Technology,Hong Kong,AGM Group Holdings Inc.,USD,48509600.0,0.155,2.0,,,,,,,,,,
AGNC,Real Estate,United States,AGNC Investment Corp.,USD,6304244736.0,16.855,12.06,,,,,,,,,,
AGNCM,Real Estate,United States,AGNC Investment Corp.,USD,8240338432.0,16.855,23.1799,,,,,,,,,,
AGNCN,Real Estate,United States,AGNC Investment Corp.,USD,8208478720.0,16.855,23.9,,,,,,,,,,
AGNCO,Real Estate,United States,AGNC Investment Corp.,USD,,16.855,23.23,,,,,,,,,,
AGNCP,Real Estate,United States,AGNC Investment Corp.,USD,,16.855,22.65,,,,,,,,,,
AGRI,Consumer Defensive,Canada,AgriFORCE Growing Systems Ltd.,USD,26990242.0,0.678,1.7784,,,,,,,,,,
AGRIW,Consumer Defensive,Canada,AgriFORCE Growing Systems Ltd.,USD,,0.678,0.4101,,,,,,,,,,
AGTC,Healthcare,United States,Applied Genetic Technologies Corporation,USD,45227160.0,1.2,0.9,,,,,,,,,,
AGYS,Technology,United States,"Agilysys, Inc.",USD,888726208.0,3.775,35.96,,,,,,,,,,
AHCO,Healthcare,United States,AdaptHealth Corp.,USD,1723408768.0,15.405,12.87,,,,,,,,,,
AHG,Financial Services,China,Akso Health Group,USD,21443580.0,0.855,0.9,,,,,,,,,,
AHI,Technology,Australia,Advanced Human Imaging Limited,USD,25965218.0,0.56,1.09,,,,,,,,,,
AHPA,Financial Services,United States,Avista Public Acquisition Corp. II,USD,289800000.0,-0.263,10.08,,,,,,,,,,
AHPAU,Financial Services,United States,Avista Public Acquisition Corp. II,USD,,-0.263,10.27,,,,,,,,,,
AHPAW,,,Avista Public Acquisition Corp. II,USD,,0.001,0.63,,,,,,,,,,
AHPI,Healthcare,United States,"Allied Healthcare Products, Inc.",USD,10094054.0,2.104,2.515,,,,,,,,,,
AHRN,Financial Services,Cayman Islands,Ahren Acquisition Corp.,USD,374248000.0,0.001,9.98,,,,,,,,,,
AHRNU,Financial Services,Cayman Islands,Ahren Acquisition Corp.,USD,,0.001,10.06,,,,,,,,,,
AHRNW,Financial Services,Cayman Islands,Ahren Acquisition Corp.,USD,,0.001,0.25,,,,,,,,,,
AIB,Financial Services,United States,AIB Acquisition Corporation,USD,111846864.0,0.011,9.94,,,,,,,,,,
AIBBR,,United States,AIB Acquisition Corporation,USD,,0.011,0.13,,,,,,,,,,
AIBBU,Financial Services,United States,AIB Acquisition Corporation,USD,,0.011,10.0513,,,,,,,,,,
AIH,Healthcare,China,,,,,,,,,,,,,,,
AIMAU,Financial Services,United States,,,,,,,,,,,,,,,
AIMC,Industrials,United States,,,,,,,,,,,,,,,
AINV,Financial Services,United States,,,,,,,,,,,,,,,
AIP,Technology,United States,,,,,,,,,,,,,,,
AIRG,Technology,United States,,,,,,,,,,,,,,,
AIRS,Healthcare,United States,,,,,,,,,,,,,,,
AIRT,Industrials,United States,,,,,,,,,,,,,,,
AIRTP,Industrials,United States,,,,,,,,,,,,,,,
AKAM,Technology,United States,,,,,,,,,,,,,,,
AKAN,Healthcare,United Kingdom,,,,,,,,,,,,,,,
AKBA,Healthcare,United States,,,,,,,,,,,,,,,
AKIC,Financial Services,United States,,,,,,,,,,,,,,,
AKICU,Financial Services,United States,,,,,,,,,,,,,,,
AKRO,Healthcare,United States,,,,,,,,,,,,,,,
AKTS,Technology,United States,,,,,,,,,,,,,,,
AKTX,Healthcare,United Kingdom,,,,,,,,,,,,,,,
AKU,Healthcare,United States,,,,,,,,,,,,,,,
AKUS,Healthcare,United States,,,,,,,,,,,,,,,
AKYA,Healthcare,United States,,,,,,,,,,,,,,,
ALBO,Healthcare,United States,,,,,,,,,,,,,,,
ALCO,Consumer Defensive,United States,,,,,,,,,,,,,,,
ALDX,Healthcare,United States,,,,,,,,,,,,,,,
ALEC,Healthcare,United States,,,,,,,,,,,,,,,
ALGM,Technology,United States,,,,,,,,,,,,,,,
ALGN,Healthcare,United States,,,,,,,,,,,,,,,
ALGS,Healthcare,United States,,,,,,,,,,,,,,,
ALGT,Industrials,United States,,,,,,,,,,,,,,,
ALHC,Healthcare,United States,,,,,,,,,,,,,,,
ALIM,Healthcare,United States,,,,,,,,,,,,,,,
ALJJ,Industrials,United States,,,,,,,,,,,,,,,
ALKS,Healthcare,Ireland,,,,,,,,,,,,,,,
ALKT,Technology,United States,,,,,,,,,,,,,,,
ALLK,Healthcare,United States,,,,,,,,,,,,,,,
ALLO,Healthcare,United States,,,,,,,,,,,,,,,
ALLT,Technology,Israel,,,,,,,,,,,,,,,
ALNY,Healthcare,United States,,,,,,,,,,,,,,,
ALOR,Financial Services,United States,,,,,,,,,,,,,,,
ALORU,Financial Services,United States,,,,,,,,,,,,,,,
ALORW,Financial Services,United States,,,,,,,,,,,,,,,
ALOT,Technology,United States,,,,,,,,,,,,,,,
ALPA,Financial Services,United States,,,,,,,,,,,,,,,
ALPAU,Financial Services,United States,,,,,,,,,,,,,,,
ALPN,Healthcare,United States,,,,,,,,,,,,,,,
ALPP,Industrials,United States,,,,,,,,,,,,,,,
ALR,Healthcare,United States,,,,,,,,,,,,,,,
ALRM,Technology,United States,,,,,,,,,,,,,,,
ALRS,Financial Services,United States,,,,,,,,,,,,,,,
ALSA,Financial Services,United States,,,,,,,,,,,,,,,
ALSAR,,United States,,,,,,,,,,,,,,,
ALSAU,Financial Services,United States,,,,,,,,,,,,,,,
ALSAW,Financial Services,United States,,,,,,,,,,,,,,,
ALT,Healthcare,United States,,,,,,,,,,,,,,,
ALTO,Basic Materials,United States,,,,,,,,,,,,,,,
ALTR,Technology,United States,,,,,,,,,,,,,,,
ALTU,Financial Services,United States,,,,,,,,,,,,,,,
ALTUU,Financial Services,United States,,,,,,,,,,,,,,,
ALVR,Healthcare,United States,,,,,,,,,,,,,,,
ALXO,Healthcare,United States,,,,,,,,,,,,,,,
ALYA,Technology,Canada,,,,,,,,,,,,,,,
ALZN,Healthcare,United States,,,,,,,,,,,,,,,
AMAL,Financial Services,United States,,,,,,,,,,,,,,,
AMAO,Financial Services,United States,,,,,,,,,,,,,,,
AMAOU,Financial Services,United States,,,,,,,,,,,,,,,
AMAT,Technology,United States,,,,,,,,,,,,,,,
AMBA,Technology,United States,,,,,,,,,,,,,,,
AMCI,Financial Services,United States,,,,,,,,,,,,,,,
AMCIU,Financial Services,United States,,,,,,,,,,,,,,,
AMCX,Communication Services,United States,,,,,,,,,,,,,,,
AMD,Technology,United States,,,,,,,,,,,,,,,
AMED,Healthcare,United States,,,,,,,,,,,,,,,
AMEH,Healthcare,United States,,,,,,,,,,,,,,,
AMGN,Healthcare,United States,,,,,,,,,,,,,,,
AMKR,Technology,United States,,,,,,,,,,,,,,,
AMLX,Healthcare,United States,,,,,,,,,,,,,,,
AMNB,Financial Services,United States,,,,,,,,,,,,,,,
AMOT,Technology,United States,,,,,,,,,,,,,,,
AMPG,Technology,United States,,,,,,,,,,,,,,,
AMPH,Healthcare,United States,,,,,,,,,,,,,,,
AMPL,Technology,United States,,,,,,,,,,,,,,,
AMRK,Financial Services,United States,,,,,,,,,,,,,,,
AMRN,Healthcare,Ireland,,,,,,,,,,,,,,,
AMRS,Basic Materials,United States,,,,,,,,,,,,,,,
AMSC,Industrials,United States,,,,,,,,,,,,,,,
AMSF,Financial Services,United States,,,,,,,,,,,,,,,
AMSWA,Technology,United States,,,,,,,,,,,,,,,
AMTB,Financial Services,United States,,,,,,,,,,,,,,,
AMTI,Healthcare,United States,,,,,,,,,,,,,,,
AMTX,Energy,United States,,,,,,,,,,,,,,,
AMWD,Consumer Cyclical,United States,,,,,,,,,,,,,,,
AMYT,Healthcare,Ireland,,,,,,,,,,,,,,,
AMZN,Consumer Cyclical,United States,,,,,,,,,,,,,,,
ANAB,Healthcare,United States,,,,,,,,,,,,,,,
ANAT,Financial Services,United States,,,,,,,,,,,,,,,
ANDE,Consumer Defensive,United States,,,,,,,,,,,,,,,
ANEB,Healthcare,United States,,,,,,,,,,,,,,,
ANGH,Communication Services,United Arab Emirates,,,,,,,,,,,,,,,
ANGHW,Communication Services,United Arab Emirates,,,,,,,,,,,,,,,
ANGI,Communication Services,United States,,,,,,,,,,,,,,,
ANGN,Healthcare,United States,,,,,,,,,,,,,,,
ANGO,Healthcare,United States,,,,,,,,,,,,,,,
ANIK,Healthcare,United States,,,,,,,,,,,,,,,
ANIP,Healthcare,United States,,,,,,,,,,,,,,,
ANIX,Healthcare,United States,,,,,,,,,,,,,,,
ANNX,Healthcare,United States,,,,,,,,,,,,,,,
ANSS,Technology,United States,,,,,,,,,,,,,,,
ANTE,Communication Services,China,,,,,,,,,,,,,,,
ANTX,Healthcare,United States,,,,,,,,,,,,,,,
ANZU,Financial Services,United States,,,,,,,,,,,,,,,
ANZUU,Financial Services,United States,,,,,,,,,,,,,,,
AOGO,Financial Services,United States,,,,,,,,,,,,,,,
AOGOU,Financial Services,United States,,,,,,,,,,,,,,,
AOGOW,Financial Services,United States,,,,,,,,,,,,,,,
AOSL,Technology,United States,,,,,,,,,,,,,,,
AOUT,Consumer Cyclical,United States,,,,,,,,,,,,,,,
APA,Energy,United States,,,,,,,,,,,,,,,
APAC,Financial Services,United States,,,,,,,,,,,,,,,
APACU,Financial Services,United States,,,,,,,,,,,,,,,
APCX,Technology,United States,,,,,,,,,,,,,,,
APCXW,Technology,United States,,,,,,,,,,,,,,,
APDN,Healthcare,United States,,,,,,,,,,,,,,,
APEI,Consumer Defensive,United States,,,,,,,,,,,,,,,
APEN,Healthcare,United States,,,,,,,,,,,,,,,
API,Technology,China,,,,,,,,,,,,,,,
APLD,Financial Services,United States,,,,,,,,,,,,,,,
APLS,Healthcare,United States,,,,,,,,,,,,,,,
APLT,Healthcare,United States,,,,,,,,,,,,,,,
APM,Healthcare,United Kingdom,,,,,,,,,,,,,,,
APMI,Financial Services,United States,,,,,,,,,,,,,,,
APMIU,Financial Services,United States,,,,,,,,,,,,,,,
APOG,Industrials,United States,,,,,,,,,,,,,,,
APP,Technology,United States,,,,,,,,,,,,,,,
APPF,Technology,United States,,,,,,,,,,,,,,,
APPH,Consumer Defensive,United States,,,,,,,,,,,,,,,
APPN,Technology,United States,,,,,,,,,,,,,,,
APPS,Technology,United States,,,,,,,,,,,,,,,
APRE,Healthcare,United States,,,,,,,,,,,,,,,
APTM,Financial Services,United States,,,,,,,,,,,,,,,
APTMU,Financial Services,United States,,,,,,,,,,,,,,,
APTO,Healthcare,Canada,,,,,,,,,,,,,,,
APTX,Healthcare,United States,,,,,,,,,,,,,,,
APWC,Industrials,Taiwan,,,,,,,,,,,,,,,
APXI,Financial Services,Mexico,,,,,,,,,,,,,,,
APXIU,Financial Services,Mexico,,,,,,,,,,,,,,,
APXIW,Financial Services,Mexico,,,,,,,,,,,,,,,
APYX,Healthcare,United States,,,,,,,,,,,,,,,
AQB,Consumer Defensive,United States,,,,,,,,,,,,,,,
AQMS,Industrials,United States,,,,,,,,,,,,,,,
AQST,Healthcare,United States,,,,,,,,,,,,,,,
ARAV,Healthcare,United States,,,,,,,,,,,,,,,
ARAY,Healthcare,United States,,,,,,,,,,,,,,,
ARBE,Technology,Israel,,,,,,,,,,,,,,,
ARBEW,Technology,Israel,,,,,,,,,,,,,,,
ARBG,Financial Services,United States,,,,,,,,,,,,,,,
ARBGU,Financial Services,United States,,,,,,,,,,,,,,,
ARBK,Financial Services,United Kingdom,,,,,,,,,,,,,,,
ARCB,Industrials,United States,,,,,,,,,,,,,,,
ARCC,Financial Services,United States,,,,,,,,,,,,,,,
ARCE,Consumer Defensive,Brazil,,,,,,,,,,,,,,,
ARCK,Financial Services,United States,,,,,,,,,,,,,,,
ARCKU,Financial Services,United States,,,,,,,,,,,,,,,
ARCKW,Financial Services,United States,,,,,,,,,,,,,,,
ARCT,Healthcare,United States,,,,,,,,,,,,,,,
ARDX,Healthcare,United States,,,,,,,,,,,,,,,
AREB,Consumer Cyclical,United States,,,,,,,,,,,,,,,
AREBW,Consumer Cyclical,United States,,,,,,,,,,,,,,,
AREC,Basic Materials,United States,,,,,,,,,,,,,,,
ARGU,Financial Services,United States,,,,,,,,,,,,,,,
ARGUU,Financial Services,United States,,,,,,,,,,,,,,,
ARGX,Healthcare,Netherlands,,,,,,,,,,,,,,,
ARHS,Consumer Cyclical,United States,,,,,,,,,,,,,,,
ARIZ,Financial Services,United States,,,,,,,,,,,,,,,
ARIZR,,United States,,,,,,,,,,,,,,,
ARIZU,Financial Services,United States,,,,,,,,,,,,,,,
ARIZW,Financial Services,United States,,,,,,,,,,,,,,,
ARKO,Consumer Cyclical,United States,,,,,,,,,,,,,,,
ARKOW,Consumer Cyclical,United States,,,,,,,,,,,,,,,
ARKR,Consumer Cyclical,United States,,,,,,,,,,,,,,,
ARLP,Energy,United States,,,,,,,,,,,,,,,
AROW,Financial Services,United States,,,,,,,,,,,,,,,
ARQQ,Technology,United Kingdom,,,,,,,,,,,,,,,
ARQT,Healthcare,United States,,,,,,,,,,,,,,,
ARRW,Financial Services,United States,,,,,,,,,,,,,,,
ARRWU,Financial Services,United States,,,,,,,,,,,,,,,
ARRY,Technology,United States,,,,,,,,,,,,,,,
ARTA,Financial Services,Cayman Islands,,,,,,,,,,,,,,,
ARTAU,Financial Services,Cayman Islands,,,,,,,,,,,,,,,
ARTE,Financial Services,United States,,,,,,,,,,,,,,,
ARTEU,Financial Services,United States,,,,,,,,,,,,,,,
ARTEW,Financial Services,United States,,,,,,,,,,,,,,,
ARTNA,Utilities,United States,,,,,,,,,,,,,,,
ARTW,Industrials,United States,,,,,,,,,,,,,,,
ARVL,Consumer Cyclical,Luxembourg,,,,,,,,,,,,,,,
ARVN,Healthcare,United States,,,,,,,,,,,,,,,
ARWR,Healthcare,United States,,,,,,,,,,,,,,,
ARYD,Financial Services,United States,,,,,,,,,,,,,,,
ARYE,Financial Services,United States,,,,,,,,,,,,,,,
ASCA,Financial Services,Singapore,,,,,,,,,,,,,,,
ASCAR,,Singapore,,,,,,,,,,,,,,,
ASCAU,Financial Services,Singapore,,,,,,,,,,,,,,,
ASCAW,Financial Services,Singapore,,,,,,,,,,,,,,,
ASLE,Industrials,United States,,,,,,,,,,,,,,,
ASMB,Healthcare,United States,,,,,,,,,,,,,,,
ASML,Technology,Netherlands,,,,,,,,,,,,,,,
ASND,Healthcare,Denmark,,,,,,,,,,,,,,,
ASO,Consumer Cyclical,United States,,,,,,,,,,,,,,,
ASPA,Financial Services,United States,,,,,,,,,,,,,,,
ASPAU,Financial Services,United States,,,,,,,,,,,,,,,
ASPC,Financial Services,United States,,,,,,,,,,,,,,,
ASPCU,Financial Services,United States,,,,,,,,,,,,,,,
ASPS,Financial Services,Luxembourg,,,,,,,,,,,,,,,
ASPU,Consumer Defensive,United States,,,,,,,,,,,,,,,
ASRT,Healthcare,United States,,,,,,,,,,,,,,,
ASRV,Financial Services,United States,,,,,,,,,,,,,,,
ASTE,Industrials,United States,,,,,,,,,,,,,,,
ASTL,Basic Materials,Canada,,,,,,,,,,,,,,,
ASTR,Industrials,United States,,,,,,,,,,,,,,,
ASTS,Communication Services,United States,,,,,,,,,,,,,,,
ASUR,Technology,United States,,,,,,,,,,,,,,,
ASYS,Technology,United States,,,,,,,,,,,,,,,
ATAI,Healthcare,Germany,,,,,,,,,,,,,,,
ATAK,Financial Services,United States,,,,,,,,,,,,,,,
ATAKR,,United States,,,,,,,,,,,,,,,
ATAKU,Financial Services,United States,,,,,,,,,,,,,,,
ATAKW,Financial Services,United States,,,,,,,,,,,,,,,
ATAX,Financial Services,United States,,,,,,,,,,,,,,,
ATCOL,,United Kingdom,,,,,,,,,,,,,,,
ATCX,Industrials,United States,,,,,,,,,,,,,,,
ATEC,Healthcare,United States,,,,,,,,,,,,,,,
ATER,Consumer Cyclical,United States,,,,,,,,,,,,,,,
ATEX,Communication Services,United States,,,,,,,,,,,,,,,
ATHA,Healthcare,United States,,,,,,,,,,,,,,,
ATIF,Financial Services,China,,,,,,,,,,,,,,,
ATLC,Financial Services,United States,,,,,,,,,,,,,,,
ATLCP,Financial Services,United States,,,,,,,,,,,,,,,
ATLO,Financial Services,United States,,,,,,,,,,,,,,,
ATNF,Healthcare,United States,,,,,,,,,,,,,,,
ATNI,Communication Services,United States,,,,,,,,,,,,,,,
ATOM,Technology,United States,,,,,,,,,,,,,,,
ATOS,Healthcare,United States,,,,,,,,,,,,,,,
ATRA,Healthcare,United States,,,,,,,,,,,,,,,
ATRC,Healthcare,United States,,,,,,,,,,,,,,,
ATRI,Healthcare,United States,,,,,,,,,,,,,,,
ATRO,Industrials,United States,,,,,,,,,,,,,,,
ATRS,Healthcare,United States,,,,,,,,,,,,,,,
ATSG,Industrials,United States,,,,,,,,,,,,,,,
ATVC,Financial Services,United States,,,,,,,,,,,,,,,
ATVCU,Financial Services,United States,,,,,,,,,,,,,,,
ATVI,Communication Services,United States,,,,,,,,,,,,,,,
ATXS,Healthcare,United States,,,,,,,,,,,,,,,
ATY,Communication Services,Canada,,,,,,,,,,,,,,,
AUB,Financial Services,United States,,,,,,,,,,,,,,,
AUBAP,Financial Services,United States,,,,,,,,,,,,,,,
AUBN,Financial Services,United States,,,,,,,,,,,,,,,
AUDC,Technology,Israel,,,,,,,,,,,,,,,
AUGX,Healthcare,United States,,,,,,,,,,,,,,,
AUID,Technology,United States,,,,,,,,,,,,,,,
AUPH,Healthcare,Canada,,,,,,,,,,,,,,,
AUR,Technology,United States,,,,,,,,,,,,,,,
AURA,Healthcare,United States,,,,,,,,,,,,,,,
AURC,Financial Services,United Kingdom,,,,,,,,,,,,,,,
AURCU,Financial Services,United Kingdom,,,,,,,,,,,,,,,
AUTL,Healthcare,United Kingdom,,,,,,,,,,,,,,,
AUTO,Communication Services,United States,,,,,,,,,,,,,,,
AUUD,Technology,United States,,,,,,,,,,,,,,,
AVAC,Financial Services,United States,,,,,,,,,,,,,,,
AVACU,Financial Services,United States,,,,,,,,,,,,,,,
AVACW,Financial Services,United States,,,,,,,,,,,,,,,
AVAH,Healthcare,United States,,,,,,,,,,,,,,,
AVAV,Industrials,United States,,,,,,,,,,,,,,,
AVCT,Technology,United States,,,,,,,,,,,,,,,
AVDL,Healthcare,Ireland,,,,,,,,,,,,,,,
AVDX,Technology,United States,,,,,,,,,,,,,,,
AVEO,Healthcare,United States,,,,,,,,,,,,,,,
AVGO,Technology,United States,,,,,,,,,,,,,,,
AVGOP,Technology,United States,,,,,,,,,,,,,,,
AVGR,Healthcare,United States,,,,,,,,,,,,,,,
AVHI,Financial Services,United States,,,,,,,,,,,,,,,
AVHIU,Financial Services,United States,,,,,,,,,,,,,,,
AVHIW,Financial Services,United States,,,,,,,,,,,,,,,
AVID,Communication Services,United States,,,,,,,,,,,,,,,
AVIR,Healthcare,United States,,,,,,,,,,,,,,,
AVNW,Technology,United States,,,,,,,,,,,,,,,
AVO,Consumer Defensive,United States,,,,,,,,,,,,,,,
AVPT,Technology,United States,,,,,,,,,,,,,,,
AVRO,Healthcare,United States,,,,,,,,,,,,,,,
AVT,Technology,United States,,,,,,,,,,,,,,,
AVTE,Healthcare,United States,,,,,,,,,,,,,,,
AVXL,Healthcare,United States,,,,,,,,,,,,,,,
AWH,Healthcare,United States,,,,,,,,,,,,,,,
AWRE,Technology,United States,,,,,,,,,,,,,,,
AXDX,Healthcare,United States,,,,,,,,,,,,,,,
AXGN,Healthcare,United States,,,,,,,,,,,,,,,
AXLA,Healthcare,United States,,,,,,,,,,,,,,,
AXNX,Healthcare,United States,,,,,,,,,,,,,,,
AXON,Industrials,United States,,,,,,,,,,,,,,,
AXSM,Healthcare,United States,,,,,,,,,,,,,,,
AXTI,Technology,United States,,,,,,,,,,,,,,,
AY,Utilities,United Kingdom,,,,,,,,,,,,,,,
AYLA,Healthcare,Israel,,,,,,,,,,,,,,,
AYRO,Consumer Cyclical,United States,,,,,,,,,,,,,,,
AYTU,Healthcare,United States,,,,,,,,,,,,,,,
AZ,Industrials,Canada,,,,,,,,,,,,,,,
AZN,Healthcare,United Kingdom,,,,,,,,,,,,,,,
AZPN,Technology,United States,,,,,,,,,,,,,,,
AZTA,Healthcare,United States,,,,,,,,,,,,,,,
AZYO,Healthcare,United States,,,,,,,,,,,,,,,
BAFN,Financial Services,United States,,,,,,,,,,,,,,,
BAND,Technology,United States,,,,,,,,,,,,,,,
BANF,Financial Services,United States,,,,,,,,,,,,,,,
BANR,Financial Services,United States,,,,,,,,,,,,,,,
BANX,Financial Services,United States,,,,,,,,,,,,,,,
BASE,Technology,United States,,,,,,,,,,,,,,,
BATRA,Communication Services,United States,,,,,,,,,,,,,,,
BATRK,Communication Services,United States,,,,,,,,,,,,,,,
BBBY,Consumer Cyclical,United States,,,,,,,,,,,,,,,
BBCP,Industrials,United States,,,,,,,,,,,,,,,
BBGI,Communication Services,United States,,,,,,,,,,,,,,,
BBIG,Consumer Cyclical,United States,,,,,,,,,,,,,,,
BBIO,Healthcare,United States,,,,,,,,,,,,,,,
BBLG,Healthcare,United States,,,,,,,,,,,,,,,
BBQ,Consumer Cyclical,United States,,,,,,,,,,,,,,,
BBSI,Industrials,United States,,,,,,,,,,,,,,,
BCAB,Healthcare,United States,,,,,,,,,,,,,,,
BCAC,Financial Services,United States,,,,,,,,,,,,,,,
BCACU,Financial Services,United States,,,,,,,,,,,,,,,
BCBP,Financial Services,United States,,,,,,,,,,,,,,,
BCDA,Healthcare,United States,,,,,,,,,,,,,,,
BCEL,Healthcare,United States,,,,,,,,,,,,,,,
BCLI,Healthcare,United States,,,,,,,,,,,,,,,
BCML,Financial Services,United States,,,,,,,,,,,,,,,
BCOR,Financial Services,United States,,,,,,,,,,,,,,,
BCOV,Technology,United States,,,,,,,,,,,,,,,
BCOW,Financial Services,United States,,,,,,,,,,,,,,,
BCPC,Basic Materials,United States,,,,,,,,,,,,,,,
BCRX,Healthcare,United States,,,,,,,,,,,,,,,
BCSA,Financial Services,Cayman Islands,,,,,,,,,,,,,,,
BCSAU,Financial Services,Cayman Islands,,,,,,,,,,,,,,,
BCSAW,Financial Services,Cayman Islands,,,,,,,,,,,,,,,
BCTX,Healthcare,Canada,,,,,,,,,,,,,,,
BCYC,Healthcare,United Kingdom,,,,,,,,,,,,,,,
BDSX,Healthcare,United States,,,,,,,,,,,,,,,
BDTX,Healthcare,United States,,,,,,,,,,,,,,,
BEAM,Healthcare,United States,,,,,,,,,,,,,,,
BEAT,Healthcare,United States,,,,,,,,,,,,,,,
BECN,Industrials,United States,,,,,,,,,,,,,,,
BEEM,Technology,United States,,,,,,,,,,,,,,,
BELFA,Technology,United States,,,,,,,,,,,,,,,
BELFB,Technology,United States,,,,,,,,,,,,,,,
BENE,Financial Services,United States,,,,,,,,,,,,,,,
BENEU,Financial Services,United States,,,,,,,,,,,,,,,
BFC,Financial Services,United States,,,,,,,,,,,,,,,
BFI,Consumer Cyclical,United States,,,,,,,,,,,,,,,
BFIN,Financial Services,United States,,,,,,,,,,,,,,,
BFRI,Healthcare,United States,,,,,,,,,,,,,,,
BFST,Financial Services,United States,,,,,,,,,,,,,,,
BGCP,Financial Services,United States,,,,,,,,,,,,,,,
BGFV,Consumer Cyclical,United States,,,,,,,,,,,,,,,
BGNE,Healthcare,China,,,,,,,,,,,,,,,
BGRY,Industrials,United States,,,,,,,,,,,,,,,
BHAC,Financial Services,United States,,,,,,,,,,,,,,,
BHACU,Financial Services,United States,,,,,,,,,,,,,,,
BHACW,Financial Services,United States,,,,,,,,,,,,,,,
BHF,Financial Services,United States,,,,,,,,,,,,,,,
BHFAM,Financial Services,United States,,,,,,,,,,,,,,,
BHFAN,Financial Services,United States,,,,,,,,,,,,,,,
BHFAO,Financial Services,United States,,,,,,,,,,,,,,,
BHFAP,Financial Services,United States,,,,,,,,,,,,,,,
BHSE,Financial Services,British Virgin Islands,,,,,,,,,,,,,,,
BHSEU,Financial Services,British Virgin Islands,,,,,,,,,,,,,,,
BIDU,Communication Services,China,,,,,,,,,,,,,,,
BIGC,Technology,United States,,,,,,,,,,,,,,,
BIIB,Healthcare,United States,,,,,,,,,,,,,,,
BILI,Communication Services,China,,,,,,,,,,,,,,,
BIMI,Healthcare,China,,,,,,,,,,,,,,,
BIOC,Healthcare,United States,,,,,,,,,,,,,,,
BIOS,Financial Services,United States,,,,,,,,,,,,,,,
BIOSU,Financial Services,United States,,,,,,,,,,,,,,,
BIOSW,Financial Services,United States,,,,,,,,,,,,,,,
BIOT,Financial Services,United States,,,,,,,,,,,,,,,
BIOTU,Financial Services,United States,,,,,,,,,,,,,,,
BIOX,Basic Materials,Argentina,,,,,,,,,,,,,,,
BIRD,Consumer Cyclical,United States,,,,,,,,,,,,,,,
BITF,Financial Services,Canada,,,,,,,,,,,,,,,
BIVI,Healthcare,United States,,,,,,,,,,,,,,,
BJDX,Healthcare,United States,,,,,,,,,,,,,,,
BJRI,Consumer Cyclical,United States,,,,,,,,,,,,,,,
BKCC,Financial Services,United States,,,,,,,,,,,,,,,
BKEP,Energy,United States,,,,,,,,,,,,,,,
BKEPP,Energy,United States,,,,,,,,,,,,,,,
BKNG,Consumer Cyclical,United States,,,,,,,,,,,,,,,
BKR,Energy,United States,,,,,,,,,,,,,,,
BKSC,Financial Services,United States,,,,,,,,,,,,,,,
BKYI,Industrials,United States,,,,,,,,,,,,,,,
BL,Technology,United States,,,,,,,,,,,,,,,
BLBD,Consumer Cyclical,United States,,,,,,,,,,,,,,,
BLBX,Technology,United States,,,,,,,,,,,,,,,
BLCM,Healthcare,United States,,,,,,,,,,,,,,,
BLCT,Communication Services,China,,,,,,,,,,,,,,,
BLDE,Industrials,United States,,,,,,,,,,,,,,,
BLDP,Industrials,Canada,,,,,,,,,,,,,,,
BLEU,Financial Services,United States,,,,,,,,,,,,,,,
BLEUR,,United States,,,,,,,,,,,,,,,
BLEUU,Financial Services,United States,,,,,,,,,,,,,,,
BLEUW,Financial Services,United States,,,,,,,,,,,,,,,
BLFS,Healthcare,United States,,,,,,,,,,,,,,,
BLFY,Financial Services,United States,,,,,,,,,,,,,,,
BLI,Healthcare,United States,,,,,,,,,,,,,,,
BLIN,Technology,United States,,,,,,,,,,,,,,,
BLKB,Technology,United States,,,,,,,,,,,,,,,
BLMN,Consumer Cyclical,United States,,,,,,,,,,,,,,,
BLNG,Financial Services,United States,,,,,,,,,,,,,,,
BLNGU,Financial Services,United States,,,,,,,,,,,,,,,
BLNK,Industrials,United States,,,,,,,,,,,,,,,
BLPH,Healthcare,United States,,,,,,,,,,,,,,,
BLRX,Healthcare,Israel,,,,,,,,,,,,,,,
BLSA,Financial Services,United States,,,,,,,,,,,,,,,
BLTE,Healthcare,United States,,,,,,,,,,,,,,,
BLTS,Financial Services,United States,,,,,,,,,,,,,,,
BLTSU,Financial Services,United States,,,,,,,,,,,,,,,
BLU,Healthcare,Canada,,,,,,,,,,,,,,,
BLUE,Healthcare,United States,,,,,,,,,,,,,,,
BLZE,Technology,United States,,,,,,,,,,,,,,,
BMAQ,Financial Services,United States,,,,,,,,,,,,,,,
BMAQU,Financial Services,United States,,,,,,,,,,,,,,,
BMBL,Technology,United States,,,,,,,,,,,,,,,
BMEA,Healthcare,United States,,,,,,,,,,,,,,,
BMRA,Healthcare,United States,,,,,,,,,,,,,,,
BMRC,Financial Services,United States,,,,,,,,,,,,,,,
BMRN,Healthcare,United States,,,,,,,,,,,,,,,
BNFT,Technology,United States,,,,,,,,,,,,,,,
BNGO,Healthcare,United States,,,,,,,,,,,,,,,
BNIX,Financial Services,United States,,,,,,,,,,,,,,,
BNNR,Financial Services,United States,,,,,,,,,,,,,,,
BNNRU,Financial Services,United States,,,,,,,,,,,,,,,
BNOX,Healthcare,Australia,,,,,,,,,,,,,,,
BNR,Healthcare,China,,,,,,,,,,,,,,,
BNSO,Technology,Hong Kong,,,,,,,,,,,,,,,
BNTC,Healthcare,United States,,,,,,,,,,,,,,,
BNTX,Healthcare,Germany,,,,,,,,,,,,,,,
BOCN,Financial Services,United States,,,,,,,,,,,,,,,
BOCNU,Financial Services,United States,,,,,,,,,,,,,,,
BOCNW,Financial Services,United States,,,,,,,,,,,,,,,
BOKF,Financial Services,United States,,,,,,,,,,,,,,,
BOLT,Healthcare,United States,,,,,,,,,,,,,,,
BON,Consumer Defensive,Cayman Islands,,,,,,,,,,,,,,,
BOOM,Energy,United States,,,,,,,,,,,,,,,
BOSC,Technology,Israel,,,,,,,,,,,,,,,
BOTJ,Financial Services,United States,,,,,,,,,,,,,,,
BOXL,Technology,United States,,,,,,,,,,,,,,,
BPAC,Financial Services,United States,,,,,,,,,,,,,,,
BPACU,Financial Services,United States,,,,,,,,,,,,,,,
BPACW,Financial Services,United States,,,,,,,,,,,,,,,
BPMC,Healthcare,United States,,,,,,,,,,,,,,,
BPOP,Financial Services,United States,,,,,,,,,,,,,,,
BPRN,Financial Services,United States,,,,,,,,,,,,,,,
BPTH,Healthcare,United States,,,,,,,,,,,,,,,
BPTS,Healthcare,France,,,,,,,,,,,,,,,
BPYPN,Real Estate,Bermuda,,,,,,,,,,,,,,,
BPYPO,Real Estate,Bermuda,,,,,,,,,,,,,,,
BPYPP,Real Estate,Bermuda,,,,,,,,,,,,,,,
BRAC,Financial Services,United States,,,,,,,,,,,,,,,
BRACR,,United States,,,,,,,,,,,,,,,
BRACU,Financial Services,United States,,,,,,,,,,,,,,,
BRAG,Communication Services,Canada,,,,,,,,,,,,,,,
BREZ,Financial Services,United States,,,,,,,,,,,,,,,
BREZR,,United States,,,,,,,,,,,,,,,
BRFH,Consumer Defensive,United States,,,,,,,,,,,,,,,
BRID,Consumer Defensive,United States,,,,,,,,,,,,,,,
BRIV,Financial Services,United States,,,,,,,,,,,,,,,
BRIVU,Financial Services,United States,,,,,,,,,,,,,,,
BRKH,Financial Services,United States,,,,,,,,,,,,,,,
BRKHU,Financial Services,United States,,,,,,,,,,,,,,,
BRKHW,Financial Services,United States,,,,,,,,,,,,,,,
BRKL,Financial Services,United States,,,,,,,,,,,,,,,
BRKR,Healthcare,United States,,,,,,,,,,,,,,,
BRLI,Financial Services,China,,,,,,,,,,,,,,,
BRLIU,Financial Services,China,,,,,,,,,,,,,,,
BRLT,Consumer Cyclical,United States,,,,,,,,,,,,,,,
BRP,Financial Services,United States,,,,,,,,,,,,,,,
BRPM,Financial Services,United States,,,,,,,,,,,,,,,
BRPMU,Financial Services,United States,,,,,,,,,,,,,,,
BRTX,Healthcare,United States,,,,,,,,,,,,,,,
BRY,Energy,United States,,,,,,,,,,,,,,,
BRZE,Technology,United States,,,,,,,,,,,,,,,
BSBK,Financial Services,United States,,,,,,,,,,,,,,,
BSET,Consumer Cyclical,United States,,,,,,,,,,,,,,,
BSFC,Consumer Defensive,United States,,,,,,,,,,,,,,,
BSGA,Financial Services,Hong Kong,,,,,,,,,,,,,,,
BSGAU,Financial Services,Hong Kong,,,,,,,,,,,,,,,
BSGM,Healthcare,United States,,,,,,,,,,,,,,,
BSKY,Financial Services,United States,,,,,,,,,,,,,,,
BSKYU,Financial Services,United States,,,,,,,,,,,,,,,
BSQR,Technology,United States,,,,,,,,,,,,,,,
BSRR,Financial Services,United States,,,,,,,,,,,,,,,
BSVN,Financial Services,United States,,,,,,,,,,,,,,,
BSY,Technology,United States,,,,,,,,,,,,,,,
BTAI,Healthcare,United States,,,,,,,,,,,,,,,
BTBD,Consumer Cyclical,United States,,,,,,,,,,,,,,,
BTBT,Financial Services,United States,,,,,,,,,,,,,,,
BTCS,Financial Services,United States,,,,,,,,,,,,,,,
BTCY,Healthcare,United States,,,,,,,,,,,,,,,
BTOG,Consumer Defensive,China,,,,,,,,,,,,,,,
BTRS,Technology,United States,,,,,,,,,,,,,,,
BTTX,Healthcare,United States,,,,,,,,,,,,,,,
BTWN,Financial Services,Hong Kong,,,,,,,,,,,,,,,
BTWNU,Financial Services,Hong Kong,,,,,,,,,,,,,,,
BTX,Healthcare,United States,,,,,,,,,,,,,,,
BUSE,Financial Services,United States,,,,,,,,,,,,,,,
BVS,Healthcare,United States,,,,,,,,,,,,,,,
BVXV,Healthcare,Israel,,,,,,,,,,,,,,,
BWAC,Financial Services,United States,,,,,,,,,,,,,,,
BWACU,Financial Services,United States,,,,,,,,,,,,,,,
BWAQ,Financial Services,United States,,,,,,,,,,,,,,,
BWAQR,,United States,,,,,,,,,,,,,,,
BWAQU,Financial Services,United States,,,,,,,,,,,,,,,
BWAQW,Financial Services,United States,,,,,,,,,,,,,,,
BWAY,Healthcare,Israel,,,,,,,,,,,,,,,
BWB,Financial Services,United States,,,,,,,,,,,,,,,
BWBBP,Financial Services,United States,,,,,,,,,,,,,,,
BWC,Financial Services,Cayman Islands,,,,,,,,,,,,,,,
BWCAU,Financial Services,Cayman Islands,,,,,,,,,,,,,,,
BWEN,Industrials,United States,,,,,,,,,,,,,,,
BWFG,Financial Services,United States,,,,,,,,,,,,,,,
BWMN,Industrials,United States,,,,,,,,,,,,,,,
BWMX,Consumer Cyclical,Mexico,,,,,,,,,,,,,,,
BWV,Healthcare,United States,,,,,,,,,,,,,,,
BXRX,Healthcare,United States,,,,,,,,,,,,,,,
BYFC,Financial Services,United States,,,,,,,,,,,,,,,
BYND,Consumer Defensive,United States,,,,,,,,,,,,,,,
BYNO,Financial Services,Sweden,,,,,,,,,,,,,,,
BYNOU,Financial Services,Sweden,,,,,,,,,,,,,,,
BYNOW,Financial Services,Sweden,,,,,,,,,,,,,,,
BYRN,Industrials,United States,,,,,,,,,,,,,,,
BYSI,Healthcare,United States,,,,,,,,,,,,,,,
BYTS,Financial Services,United States,,,,,,,,,,,,,,,
BYTSU,Financial Services,United States,,,,,,,,,,,,,,,
BZ,Industrials,China,,,,,,,,,,,,,,,
BZFD,Communication Services,United States,,,,,,,,,,,,,,,
BZFDW,Communication Services,United States,,,,,,,,,,,,,,,
BZUN,Consumer Cyclical,China,,,,,,,,,,,,,,,
CAAS,Consumer Cyclical,China,,,,,,,,,,,,,,,
CABA,Healthcare,United States,,,,,,,,,,,,,,,
CAC,Financial Services,United States,,,,,,,,,,,,,,,
CACC,Financial Services,United States,,,,,,,,,,,,,,,
CADL,Healthcare,United States,,,,,,,,,,,,,,,
CAKE,Consumer Cyclical,United States,,,,,,,,,,,,,,,
CALB,Financial Services,United States,,,,,,,,,,,,,,,
CALM,Consumer Defensive,United States,,,,,,,,,,,,,,,
CALT,Healthcare,Sweden,,,,,,,,,,,,,,,
CAMP,Technology,United States,,,,,,,,,,,,,,,
CAMT,Technology,Israel,,,,,,,,,,,,,,,
CAN,Technology,China,,,,,,,,,,,,,,,
CAPR,Healthcare,United States,,,,,,,,,,,,,,,
CAR,Industrials,United States,,,,,,,,,,,,,,,
CARA,Healthcare,United States,,,,,,,,,,,,,,,
CARE,Financial Services,United States,,,,,,,,,,,,,,,
CARG,Communication Services,United States,,,,,,,,,,,,,,,
CARV,Financial Services,United States,,,,,,,,,,,,,,,
CASA,Technology,United States,,,,,,,,,,,,,,,
CASH,Financial Services,United States,,,,,,,,,,,,,,,
CASS,Industrials,United States,,,,,,,,,,,,,,,
CASY,Consumer Cyclical,United States,,,,,,,,,,,,,,,
CATC,Financial Services,United States,,,,,,,,,,,,,,,
CATY,Financial Services,United States,,,,,,,,,,,,,,,
CBAN,Financial Services,United States,,,,,,,,,,,,,,,
CBAT,Industrials,China,,,,,,,,,,,,,,,
CBAY,Healthcare,United States,,,,,,,,,,,,,,,
CBFV,Financial Services,United States,,,,,,,,,,,,,,,
CBNK,Financial Services,United States,,,,,,,,,,,,,,,
CBRG,Financial Services,United States,,,,,,,,,,,,,,,
CBRGU,Financial Services,United States,,,,,,,,,,,,,,,
CBRGW,Financial Services,United States,,,,,,,,,,,,,,,
CBRL,Consumer Cyclical,United States,,,,,,,,,,,,,,,
CBSH,Financial Services,United States,,,,,,,,,,,,,,,
CBTX,Financial Services,United States,,,,,,,,,,,,,,,
CCAI,Financial Services,United States,,,,,,,,,,,,,,,
CCAIU,Financial Services,United States,,,,,,,,,,,,,,,
CCAP,Financial Services,United States,,,,,,,,,,,,,,,
CCB,Financial Services,United States,,,,,,,,,,,,,,,
CCBG,Financial Services,United States,,,,,,,,,,,,,,,
CCCC,Healthcare,United States,,,,,,,,,,,,,,,
CCD,Financial Services,United States,,,,,,,,,,,,,,,
CCEP,Consumer Defensive,United Kingdom,,,,,,,,,,,,,,,
CCLP,Energy,United States,,,,,,,,,,,,,,,
CCMP,Technology,United States,,,,,,,,,,,,,,,
CCNC,Basic Materials,China,,,,,,,,,,,,,,,
CCNE,Financial Services,United States,,,,,,,,,,,,,,,
CCNEP,Financial Services,United States,,,,,,,,,,,,,,,
CCOI,Communication Services,United States,,,,,,,,,,,,,,,
CCRN,Healthcare,United States,,,,,,,,,,,,,,,
CCSI,Technology,United States,,,,,,,,,,,,,,,
CCTS,Financial Services,United States,,,,,,,,,,,,,,,
CCTSU,Financial Services,United States,,,,,,,,,,,,,,,
CCTSW,Financial Services,United States,,,,,,,,,,,,,,,
CCXI,Healthcare,United States,,,,,,,,,,,,,,,
CD,Technology,China,,,,,,,,,,,,,,,
CDAK,Healthcare,United States,,,,,,,,,,,,,,,
CDAQ,Financial Services,United States,,,,,,,,,,,,,,,
CDAQU,Financial Services,United States,,,,,,,,,,,,,,,
CDAQW,Financial Services,United States,,,,,,,,,,,,,,,
CDEV,Energy,United States,,,,,,,,,,,,,,,
CDK,Technology,United States,,,,,,,,,,,,,,,
CDLX,Communication Services,United States,,,,,,,,,,,,,,,
CDMO,Healthcare,United States,,,,,,,,,,,,,,,
CDNA,Healthcare,United States,,,,,,,,,,,,,,,
CDNS,Technology,United States,,,,,,,,,,,,,,,
CDRO,Consumer Cyclical,Luxembourg,,,,,,,,,,,,,,,
CDROW,Consumer Cyclical,Luxembourg,,,,,,,,,,,,,,,
CDW,Technology,United States,,,,,,,,,,,,,,,
CDXC,Healthcare,United States,,,,,,,,,,,,,,,
CDXS,Healthcare,United States,,,,,,,,,,,,,,,
CDZI,Utilities,United States,,,,,,,,,,,,,,,
CDZIP,Utilities,United States,,,,,,,,,,,,,,,
CEAD,Industrials,United States,,,,,,,,,,,,,,,
CEADW,Industrials,United States,,,,,,,,,,,,,,,
CECE,Industrials,United States,,,,,,,,,,,,,,,
CEG,Utilities,United States,,,,,,,,,,,,,,,
CELC,Healthcare,United States,,,,,,,,,,,,,,,
CELH,Consumer Defensive,United States,,,,,,,,,,,,,,,
CELU,Healthcare,United States,,,,,,,,,,,,,,,
CELUW,Healthcare,United States,,,,,,,,,,,,,,,
CELZ,Healthcare,United States,,,,,,,,,,,,,,,
CENN,Consumer Cyclical,United States,,,,,,,,,,,,,,,
CENQ,Financial Services,United States,,,,,,,,,,,,,,,
CENQU,Financial Services,United States,,,,,,,,,,,,,,,
CENT,Consumer Defensive,United States,,,,,,,,,,,,,,,
CENTA,Consumer Defensive,United States,,,,,,,,,,,,,,,
CENX,Basic Materials,United States,,,,,,,,,,,,,,,
CERE,Healthcare,United States,,,,,,,,,,,,,,,
CERN,Healthcare,United States,,,,,,,,,,,,,,,
CERS,Healthcare,United States,,,,,,,,,,,,,,,
CERT,Healthcare,United States,,,,,,,,,,,,,,,
CETXP,Technology,United States,,,,,,,,,,,,,,,
CEVA,Technology,United States,,,,,,,,,,,,,,,
CFB,Financial Services,United States,,,,,,,,,,,,,,,
CFBK,Financial Services,United States,,,,,,,,,,,,,,,
CFFE,Financial Services,United States,,,,,,,,,,,,,,,
CFFEU,Financial Services,United States,,,,,,,,,,,,,,,
CFFI,Financial Services,United States,,,,,,,,,,,,,,,
CFFN,Financial Services,United States,,,,,,,,,,,,,,,
CFFS,Financial Services,United States,,,,,,,,,,,,,,,
CFFSU,Financial Services,United States,,,,,,,,,,,,,,,
CFFSW,Financial Services,United States,,,,,,,,,,,,,,,
CFIV,Financial Services,United States,,,,,,,,,,,,,,,
CFIVU,Financial Services,United States,,,,,,,,,,,,,,,
CFLT,Technology,United States,,,,,,,,,,,,,,,
CFRX,Healthcare,United States,,,,,,,,,,,,,,,
CFSB,Financial Services,United States,,,,,,,,,,,,,,,
CFVI,Financial Services,United States,,,,,,,,,,,,,,,
CFVIU,Financial Services,United States,,,,,,,,,,,,,,,
CG,Financial Services,United States,,,,,,,,,,,,,,,
CGBD,Financial Services,United States,,,,,,,,,,,,,,,
CGC,Healthcare,Canada,,,,,,,,,,,,,,,
CGEM,Healthcare,United States,,,,,,,,,,,,,,,
CGEN,Healthcare,Israel,,,,,,,,,,,,,,,
CGNT,Technology,Israel,,,,,,,,,,,,,,,
CGNX,Technology,United States,,,,,,,,,,,,,,,
CGO,Financial Services,United States,,,,,,,,,,,,,,,
CGRN,Industrials,United States,,,,,,,,,,,,,,,
CGTX,Healthcare,United States,,,,,,,,,,,,,,,
CHCI,Real Estate,United States,,,,,,,,,,,,,,,
CHCO,Financial Services,United States,,,,,,,,,,,,,,,
CHDN,Consumer Cyclical,United States,,,,,,,,,,,,,,,
CHEAU,Financial Services,Singapore,,,,,,,,,,,,,,,
CHEF,Consumer Defensive,United States,,,,,,,,,,,,,,,
CHI,Financial Services,United States,,,,,,,,,,,,,,,
CHK,Energy,United States,,,,,,,,,,,,,,,
CHKP,Technology,Israel,,,,,,,,,,,,,,,
CHMG,Financial Services,United States,,,,,,,,,,,,,,,
CHNG,Healthcare,United States,,,,,,,,,,,,,,,
CHNR,Basic Materials,Hong Kong,,,,,,,,,,,,,,,
CHRS,Healthcare,United States,,,,,,,,,,,,,,,
CHRW,Industrials,United States,,,,,,,,,,,,,,,
CHSCL,Consumer Defensive,United States,,,,,,,,,,,,,,,
CHSCM,Consumer Defensive,United States,,,,,,,,,,,,,,,
CHSCN,Consumer Defensive,United States,,,,,,,,,,,,,,,
CHSCO,Consumer Defensive,United States,,,,,,,,,,,,,,,
CHSCP,Consumer Defensive,United States,,,,,,,,,,,,,,,
CHTR,Communication Services,United States,,,,,,,,,,,,,,,
CHUY,Consumer Cyclical,United States,,,,,,,,,,,,,,,
CHW,Financial Services,United States,,,,,,,,,,,,,,,
CHWA,Financial Services,United States,,,,,,,,,,,,,,,
CHWAU,Financial Services,United States,,,,,,,,,,,,,,,
CHX,Energy,United States,,,,,,,,,,,,,,,
CHY,Financial Services,United States,,,,,,,,,,,,,,,
CIFR,Financial Services,United States,,,,,,,,,,,,,,,
CIGI,Real Estate,Canada,,,,,,,,,,,,,,,
CIH,Technology,China,,,,,,,,,,,,,,,
CIIG,Financial Services,United States,,,,,,,,,,,,,,,
CIIGU,Financial Services,United States,,,,,,,,,,,,,,,
CINC,Healthcare,United States,,,,,,,,,,,,,,,
CINF,Financial Services,United States,,,,,,,,,,,,,,,
CING,Healthcare,United States,,,,,,,,,,,,,,,
CINGW,Healthcare,United States,,,,,,,,,,,,,,,
CISO,Technology,United States,,,,,,,,,,,,,,,
CITE,Financial Services,United States,,,,,,,,,,,,,,,
CITEU,Financial Services,United States,,,,,,,,,,,,,,,
CITEW,Financial Services,United States,,,,,,,,,,,,,,,
CIVB,Financial Services,United States,,,,,,,,,,,,,,,
CIZN,Financial Services,United States,,,,,,,,,,,,,,,
CJJD,Healthcare,China,,,,,,,,,,,,,,,
CKPT,Healthcare,United States,,,,,,,,,,,,,,,
CLAQ,Financial Services,United States,,,,,,,,,,,,,,,
CLAQU,Financial Services,United States,,,,,,,,,,,,,,,
CLAR,Consumer Cyclical,United States,,,,,,,,,,,,,,,
CLAY,Financial Services,United States,,,,,,,,,,,,,,,
CLAYU,Financial Services,United States,,,,,,,,,,,,,,,
CLBK,Financial Services,United States,,,,,,,,,,,,,,,
CLBT,Technology,Israel,,,,,,,,,,,,,,,
CLDX,Healthcare,United States,,,,,,,,,,,,,,,
CLEU,Consumer Defensive,China,,,,,,,,,,,,,,,
CLFD,Technology,United States,,,,,,,,,,,,,,,
CLGN,Healthcare,Israel,,,,,,,,,,,,,,,
CLIN,Financial Services,United States,,,,,,,,,,,,,,,
CLINR,,United States,,,,,,,,,,,,,,,
CLINU,Financial Services,United States,,,,,,,,,,,,,,,
CLINW,Financial Services,United States,,,,,,,,,,,,,,,
CLIR,Industrials,United States,,,,,,,,,,,,,,,
CLLS,Healthcare,France,,,,,,,,,,,,,,,
CLMT,Energy,United States,,,,,,,,,,,,,,,
CLNE,Energy,United States,,,,,,,,,,,,,,,
CLNN,Healthcare,United States,,,,,,,,,,,,,,,
CLOE,Financial Services,United States,,,,,,,,,,,,,,,
CLOEU,Financial Services,United States,,,,,,,,,,,,,,,
CLOV,Healthcare,United States,,,,,,,,,,,,,,,
CLPS,Technology,Hong Kong,,,,,,,,,,,,,,,
CLPT,Healthcare,United States,,,,,,,,,,,,,,,
CLRCU,Financial Services,United Kingdom,,,,,,,,,,,,,,,
CLRM,Financial Services,United States,,,,,,,,,,,,,,,
CLRMU,Financial Services,United States,,,,,,,,,,,,,,,
CLSD,Healthcare,United States,,,,,,,,,,,,,,,
CLSK,Technology,United States,,,,,,,,,,,,,,,
CLSN,Healthcare,United States,,,,,,,,,,,,,,,
CLST,Financial Services,United States,,,,,,,,,,,,,,,
CLVR,Healthcare,United States,,,,,,,,,,,,,,,
CLVRW,Healthcare,United States,,,,,,,,,,,,,,,
CLVS,Healthcare,United States,,,,,,,,,,,,,,,
CLWT,Industrials,Hong Kong,,,,,,,,,,,,,,,
CLXT,Consumer Defensive,United States,,,,,,,,,,,,,,,
CMAX,Healthcare,United States,,,,,,,,,,,,,,,
CMBM,Technology,United States,,,,,,,,,,,,,,,
CMCA,Financial Services,United States,,,,,,,,,,,,,,,
CMCAU,Financial Services,United States,,,,,,,,,,,,,,,
CMCAW,Financial Services,United States,,,,,,,,,,,,,,,
CMCO,Industrials,United States,,,,,,,,,,,,,,,
CMCSA,Communication Services,United States,,,,,,,,,,,,,,,
CMCT,Real Estate,United States,,,,,,,,,,,,,,,
CMCTP,Real Estate,United States,,,,,,,,,,,,,,,
CME,Financial Services,United States,,,,,,,,,,,,,,,
CMLS,Communication Services,United States,,,,,,,,,,,,,,,
CMMB,Healthcare,Israel,,,,,,,,,,,,,,,
CMPI,Healthcare,United States,,,,,,,,,,,,,,,
CMPO,Industrials,United States,,,,,,,,,,,,,,,
CMPOW,Industrials,United States,,,,,,,,,,,,,,,
CMPR,Communication Services,Ireland,,,,,,,,,,,,,,,
CMPS,Healthcare,United Kingdom,,,,,,,,,,,,,,,
CMPX,Healthcare,United States,,,,,,,,,,,,,,,
CMRX,Healthcare,United States,,,,,,,,,,,,,,,
CMTL,Technology,United States,,,,,,,,,,,,,,,
CNCE,Healthcare,United States,,,,,,,,,,,,,,,
CNDT,Technology,United States,,,,,,,,,,,,,,,
CNEY,Basic Materials,China,,,,,,,,,,,,,,,
CNFR,Financial Services,United States,,,,,,,,,,,,,,,
CNGL,Financial Services,United States,,,,,,,,,,,,,,,
CNGLU,Financial Services,United States,,,,,,,,,,,,,,,
CNGLW,Financial Services,United States,,,,,,,,,,,,,,,
CNNB,Financial Services,United States,,,,,,,,,,,,,,,
CNOB,Financial Services,United States,,,,,,,,,,,,,,,
CNOBP,Financial Services,United States,,,,,,,,,,,,,,,
CNSL,Communication Services,United States,,,,,,,,,,,,,,,
CNTA,Healthcare,United Kingdom,,,,,,,,,,,,,,,
CNTB,Healthcare,China,,,,,,,,,,,,,,,
CNTG,Healthcare,Germany,,,,,,,,,,,,,,,
CNTQ,Financial Services,United States,,,,,,,,,,,,,,,
CNTQU,Financial Services,United States,,,,,,,,,,,,,,,
CNTX,Healthcare,United States,,,,,,,,,,,,,,,
CNTY,Consumer Cyclical,United States,,,,,,,,,,,,,,,
CNXC,Technology,United States,,,,,,,,,,,,,,,
CNXN,Technology,United States,,,,,,,,,,,,,,,
COCO,Consumer Defensive,United States,,,,,,,,,,,,,,,
CODA,Industrials,United States,,,,,,,,,,,,,,,
CODX,Healthcare,United States,,,,,,,,,,,,,,,
COFS,Financial Services,United States,,,,,,,,,,,,,,,
COGT,Healthcare,United States,,,,,,,,,,,,,,,
COHR,Technology,United States,,,,,,,,,,,,,,,
COHU,Technology,United States,,,,,,,,,,,,,,,
COIN,Technology,United States,,,,,,,,,,,,,,,
COKE,Consumer Defensive,United States,,,,,,,,,,,,,,,
COLB,Financial Services,United States,,,,,,,,,,,,,,,
COLI,Financial Services,United States,,,,,,,,,,,,,,,
COLIU,Financial Services,United States,,,,,,,,,,,,,,,
COLL,Healthcare,United States,,,,,,,,,,,,,,,
COLM,Consumer Cyclical,United States,,,,,,,,,,,,,,,
COMM,Technology,United States,,,,,,,,,,,,,,,
CONN,Consumer Cyclical,United States,,,,,,,,,,,,,,,
CONX,Financial Services,United States,,,,,,,,,,,,,,,
CONXU,Financial Services,United States,,,,,,,,,,,,,,,
COOL,Financial Services,United States,,,,,,,,,,,,,,,
COOLU,Financial Services,United States,,,,,,,,,,,,,,,
COOP,Financial Services,United States,,,,,,,,,,,,,,,
CORT,Healthcare,United States,,,,,,,,,,,,,,,
CORZ,Technology,United States,,,,,,,,,,,,,,,
CORZW,Technology,United States,,,,,,,,,,,,,,,
COSM,Healthcare,United States,,,,,,,,,,,,,,,
COST,Consumer Defensive,United States,,,,,,,,,,,,,,,
COUP,Technology,United States,,,,,,,,,,,,,,,
COVA,Financial Services,United States,,,,,,,,,,,,,,,
COVAU,Financial Services,United States,,,,,,,,,,,,,,,
COWN,Financial Services,United States,,,,,,,,,,,,,,,
CPAA,Financial Services,United States,,,,,,,,,,,,,,,
CPAAU,Financial Services,United States,,,,,,,,,,,,,,,
CPAQ,Financial Services,United States,,,,,,,,,,,,,,,
CPAQU,Financial Services,United States,,,,,,,,,,,,,,,
CPAQW,Financial Services,United States,,,,,,,,,,,,,,,
CPAR,Financial Services,United States,,,,,,,,,,,,,,,
CPARU,Financial Services,United States,,,,,,,,,,,,,,,
CPHC,Consumer Cyclical,United States,,,,,,,,,,,,,,,
CPIX,Healthcare,United States,,,,,,,,,,,,,,,
CPLP,Industrials,Greece,,,,,,,,,,,,,,,
CPOP,Communication Services,China,,,,,,,,,,,,,,,
CPRT,Consumer Cyclical,United States,,,,,,,,,,,,,,,
CPRX,Healthcare,United States,,,,,,,,,,,,,,,
CPSH,Technology,United States,,,,,,,,,,,,,,,
CPSI,Healthcare,United States,,,,,,,,,,,,,,,
CPSS,Financial Services,United States,,,,,,,,,,,,,,,
CPTN,Technology,United States,,,,,,,,,,,,,,,
CPTNW,Technology,United States,,,,,,,,,,,,,,,
CPZ,,United States,,,,,,,,,,,,,,,
CRAI,Industrials,United States,,,,,,,,,,,,,,,
CRBU,Healthcare,United States,,,,,,,,,,,,,,,
CRCT,Technology,United States,,,,,,,,,,,,,,,
CRDF,Healthcare,United States,,,,,,,,,,,,,,,
CRDL,Healthcare,Canada,,,,,,,,,,,,,,,
CRDO,Technology,United States,,,,,,,,,,,,,,,
CREC,Financial Services,Brazil,,,,,,,,,,,,,,,
CRECU,Financial Services,Brazil,,,,,,,,,,,,,,,
CRECW,Financial Services,Brazil,,,,,,,,,,,,,,,
CRESY,Industrials,Argentina,,,,,,,,,,,,,,,
CRGE,Technology,United States,,,,,,,,,,,,,,,
CRIS,Healthcare,United States,,,,,,,,,,,,,,,
CRKN,Basic Materials,United States,,,,,,,,,,,,,,,
CRMD,Healthcare,United States,,,,,,,,,,,,,,,
CRMT,Consumer Cyclical,United States,,,,,,,,,,,,,,,
CRNC,Technology,United States,,,,,,,,,,,,,,,
CRNT,Technology,Israel,,,,,,,,,,,,,,,
CRNX,Healthcare,United States,,,,,,,,,,,,,,,
CRON,Healthcare,Canada,,,,,,,,,,,,,,,
CROX,Consumer Cyclical,United States,,,,,,,,,,,,,,,
CRSP,Healthcare,Switzerland,,,,,,,,,,,,,,,
CRSR,Technology,United States,,,,,,,,,,,,,,,
CRTO,Communication Services,France,,,,,,,,,,,,,,,
CRTX,Healthcare,United States,,,,,,,,,,,,,,,
CRUS,Technology,United States,,,,,,,,,,,,,,,
CRVL,Financial Services,United States,,,,,,,,,,,,,,,
CRVS,Healthcare,United States,,,,,,,,,,,,,,,
CRWD,Technology,United States,,,,,,,,,,,,,,,
CRWS,Consumer Cyclical,United States,,,,,,,,,,,,,,,
CRZN,Financial Services,United States,,,,,,,,,,,,,,,
CRZNU,Financial Services,United States,,,,,,,,,,,,,,,
CSBR,Healthcare,United States,,,,,,,,,,,,,,,
CSCO,Technology,United States,,,,,,,,,,,,,,,
CSGP,Real Estate,United States,,,,,,,,,,,,,,,
CSGS,Technology,United States,,,,,,,,,,,,,,,
CSII,Healthcare,United States,,,,,,,,,,,,,,,
CSIQ,Technology,Canada,,,,,,,,,,,,,,,
CSLM,Financial Services,United States,,,,,,,,,,,,,,,
CSLMR,,United States,,,,,,,,,,,,,,,
CSLMU,Financial Services,United States,,,,,,,,,,,,,,,
CSLMW,Financial Services,United States,,,,,,,,,,,,,,,
CSPI,Technology,United States,,,,,,,,,,,,,,,
CSQ,Financial Services,United States,,,,,,,,,,,,,,,
CSSE,Communication Services,United States,,,,,,,,,,,,,,,
CSSEP,Communication Services,United States,,,,,,,,,,,,,,,
CSTE,Industrials,Israel,,,,,,,,,,,,,,,
CSTL,Healthcare,United States,,,,,,,,,,,,,,,
CSTR,Financial Services,United States,,,,,,,,,,,,,,,
CSWC,Financial Services,United States,,,,,,,,,,,,,,,
CSWI,Industrials,United States,,,,,,,,,,,,,,,
CSX,Industrials,United States,,,,,,,,,,,,,,,
CTAQ,Financial Services,United States,,,,,,,,,,,,,,,
CTAQU,Financial Services,United States,,,,,,,,,,,,,,,
CTAS,Industrials,United States,,,,,,,,,,,,,,,
CTBI,Financial Services,United States,,,,,,,,,,,,,,,
CTG,Technology,United States,,,,,,,,,,,,,,,
CTHR,Consumer Cyclical,United States,,,,,,,,,,,,,,,
CTIC,Healthcare,United States,,,,,,,,,,,,,,,
CTKB,Healthcare,United States,,,,,,,,,,,,,,,
CTLP,Technology,United States,,,,,,,,,,,,,,,
CTMX,Healthcare,United States,,,,,,,,,,,,,,,
CTRE,Real Estate,United States,,,,,,,,,,,,,,,
CTRM,Industrials,Cyprus,,,,,,,,,,,,,,,
CTRN,Consumer Cyclical,United States,,,,,,,,,,,,,,,
CTSH,Technology,United States,,,,,,,,,,,,,,,
CTSO,Healthcare,United States,,,,,,,,,,,,,,,
CTXR,Healthcare,United States,,,,,,,,,,,,,,,
CTXS,Technology,United States,,,,,,,,,,,,,,,
CUBA,Financial Services,United States,,,,,,,,,,,,,,,
CUE,Healthcare,United States,,,,,,,,,,,,,,,
CUEN,Technology,United States,,,,,,,,,,,,,,,
CULL,Financial Services,United States,,,,,,,,,,,,,,,
CURI,Communication Services,United States,,,,,,,,,,,,,,,
CUTR,Healthcare,United States,,,,,,,,,,,,,,,
CVAC,Healthcare,Germany,,,,,,,,,,,,,,,
CVBF,Financial Services,United States,,,,,,,,,,,,,,,
CVCO,Consumer Cyclical,United States,,,,,,,,,,,,,,,
CVCY,Financial Services,United States,,,,,,,,,,,,,,,
CVET,Healthcare,United States,,,,,,,,,,,,,,,
CVGI,Consumer Cyclical,United States,,,,,,,,,,,,,,,
CVGW,Consumer Defensive,United States,,,,,,,,,,,,,,,
CVLG,Industrials,United States,,,,,,,,,,,,,,,
CVLT,Technology,United States,,,,,,,,,,,,,,,
CVLY,Financial Services,United States,,,,,,,,,,,,,,,
CVRX,Healthcare,United States,,,,,,,,,,,,,,,
CVT,Technology,United States,,,,,,,,,,,,,,,
CVV,Industrials,United States,,,,,,,,,,,,,,,
CWBC,Financial Services,United States,,,,,,,,,,,,,,,
CWCO,Utilities,Cayman Islands,,,,,,,,,,,,,,,
CWST,Industrials,United States,,,,,,,,,,,,,,,
CXDO,Communication Services,United States,,,,,,,,,,,,,,,
CYAD,Healthcare,Belgium,,,,,,,,,,,,,,,
CYAN,Consumer Defensive,United States,,,,,,,,,,,,,,,
CYBE,Technology,United States,,,,,,,,,,,,,,,
CYBR,Technology,Israel,,,,,,,,,,,,,,,
CYCC,Healthcare,United States,,,,,,,,,,,,,,,
CYCCP,Healthcare,United States,,,,,,,,,,,,,,,
CYCN,Healthcare,United States,,,,,,,,,,,,,,,
CYN,Technology,United States,,,,,,,,,,,,,,,
CYRN,Technology,Israel,,,,,,,,,,,,,,,
CYRX,Industrials,United States,,,,,,,,,,,,,,,
CYT,Healthcare,United States,,,,,,,,,,,,,,,
CYTH,Healthcare,United States,,,,,,,,,,,,,,,
CYTK,Healthcare,United States,,,,,,,,,,,,,,,
CYTO,Healthcare,Bermuda,,,,,,,,,,,,,,,
CYXT,Technology,United States,,,,,,,,,,,,,,,
CZNC,Financial Services,United States,,,,,,,,,,,,,,,
CZR,Consumer Cyclical,United States,,,,,,,,,,,,,,,
CZWI,Financial Services,United States,,,,,,,,,,,,,,,
DADA,Consumer Cyclical,China,,,,,,,,,,,,,,,
DAIO,Technology,United States,,,,,,,,,,,,,,,
DAKT,Technology,United States,,,,,,,,,,,,,,,
DALN,Communication Services,United States,,,,,,,,,,,,,,,
DALS,Financial Services,United States,,,,,,,,,,,,,,,
DAOO,Financial Services,United States,,,,,,,,,,,,,,,
DAOOU,Financial Services,United States,,,,,,,,,,,,,,,
DAOOW,Financial Services,United States,,,,,,,,,,,,,,,
DARE,Healthcare,United States,,,,,,,,,,,,,,,
DATS,Technology,United States,,,,,,,,,,,,,,,
DAVE,Technology,United States,,,,,,,,,,,,,,,
DAVEW,Technology,United States,,,,,,,,,,,,,,,
DAWN,Healthcare,United States,,,,,,,,,,,,,,,
DBTX,Healthcare,United States,,,,,,,,,,,,,,,
DBVT,Healthcare,France,,,,,,,,,,,,,,,
DBX,Technology,United States,,,,,,,,,,,,,,,
DCBO,Technology,Canada,,,,,,,,,,,,,,,
DCFC,Industrials,Australia,,,,,,,,,,,,,,,
DCFCW,Industrials,Australia,,,,,,,,,,,,,,,
DCGO,Healthcare,United States,,,,,,,,,,,,,,,
DCOM,Financial Services,United States,,,,,,,,,,,,,,,
DCOMP,Financial Services,United States,,,,,,,,,,,,,,,
DCPH,Healthcare,United States,,,,,,,,,,,,,,,
DCRD,Financial Services,United States,,,,,,,,,,,,,,,
DCRDU,Financial Services,United States,,,,,,,,,,,,,,,
DCTH,Healthcare,United States,,,,,,,,,,,,,,,
DDI,Communication Services,South Korea,,,,,,,,,,,,,,,
DDOG,Technology,United States,,,,,,,,,,,,,,,
DECAU,Financial Services,United States,,,,,,,,,,,,,,,
DENN,Consumer Cyclical,United States,,,,,,,,,,,,,,,
DERM,Healthcare,United States,,,,,,,,,,,,,,,
DFH,Consumer Cyclical,United States,,,,,,,,,,,,,,,
DGHI,Technology,Canada,,,,,,,,,,,,,,,
DGICA,Financial Services,United States,,,,,,,,,,,,,,,
DGICB,Financial Services,United States,,,,,,,,,,,,,,,
DGII,Technology,United States,,,,,,,,,,,,,,,
DGLY,Industrials,United States,,,,,,,,,,,,,,,
DGNU,Financial Services,United States,,,,,,,,,,,,,,,
DH,Healthcare,United States,,,,,,,,,,,,,,,
DHAC,Financial Services,United States,,,,,,,,,,,,,,,
DHACU,Financial Services,United States,,,,,,,,,,,,,,,
DHACW,Financial Services,United States,,,,,,,,,,,,,,,
DHBC,Financial Services,United States,,,,,,,,,,,,,,,
DHBCU,Financial Services,United States,,,,,,,,,,,,,,,
DHC,Real Estate,United States,,,,,,,,,,,,,,,
DHCA,Financial Services,United States,,,,,,,,,,,,,,,
DHCAU,Financial Services,United States,,,,,,,,,,,,,,,
DHHC,Financial Services,United States,,,,,,,,,,,,,,,
DHHCU,Financial Services,United States,,,,,,,,,,,,,,,
DHIL,Financial Services,United States,,,,,,,,,,,,,,,
DIBS,Consumer Cyclical,United States,,,,,,,,,,,,,,,
DICE,Healthcare,United States,,,,,,,,,,,,,,,
DILA,Financial Services,United States,,,,,,,,,,,,,,,
DILAU,Financial Services,United States,,,,,,,,,,,,,,,
DIOD,Technology,United States,,,,,,,,,,,,,,,
DISA,Financial Services,United States,,,,,,,,,,,,,,,
DISAU,Financial Services,United States,,,,,,,,,,,,,,,
DISH,Communication Services,United States,,,,,,,,,,,,,,,
DJCO,Technology,United States,,,,,,,,,,,,,,,
DKDCA,Financial Services,United Kingdom,,,,,,,,,,,,,,,
DKDCU,Financial Services,United Kingdom,,,,,,,,,,,,,,,
DKNG,Consumer Cyclical,United States,,,,,,,,,,,,,,,
DLCA,Financial Services,United States,,,,,,,,,,,,,,,
DLCAU,Financial Services,United States,,,,,,,,,,,,,,,
DLHC,Industrials,United States,,,,,,,,,,,,,,,
DLO,Technology,Uruguay,,,,,,,,,,,,,,,
DLTH,Consumer Cyclical,United States,,,,,,,,,,,,,,,
DLTR,Consumer Defensive,United States,,,,,,,,,,,,,,,
DMAC,Healthcare,United States,,,,,,,,,,,,,,,
DMAQ,Financial Services,United States,,,,,,,,,,,,,,,
DMAQR,,United States,,,,,,,,,,,,,,,
DMLP,Energy,United States,,,,,,,,,,,,,,,
DMRC,Technology,United States,,,,,,,,,,,,,,,
DMTK,Healthcare,United States,,,,,,,,,,,,,,,
DNAA,Financial Services,United States,,,,,,,,,,,,,,,
DNAB,Financial Services,United States,,,,,,,,,,,,,,,
DNAC,Financial Services,United States,,,,,,,,,,,,,,,
DNAD,Financial Services,United States,,,,,,,,,,,,,,,
DNAY,Healthcare,United States,,,,,,,,,,,,,,,
DNLI,Healthcare,United States,,,,,,,,,,,,,,,
DNUT,Consumer Defensive,United States,,,,,,,,,,,,,,,
DOCU,Technology,United States,,,,,,,,,,,,,,,
DOGZ,Consumer Defensive,China,,,,,,,,,,,,,,,
DOMO,Technology,United States,,,,,,,,,,,,,,,
DOOO,Consumer Cyclical,Canada,,,,,,,,,,,,,,,
DORM,Consumer Cyclical,United States,,,,,,,,,,,,,,,
DOX,Technology,United States,,,,,,,,,,,,,,,
DOYU,Communication Services,China,,,,,,,,,,,,,,,
DPCS,Financial Services,United States,,,,,,,,,,,,,,,
DPCSU,Financial Services,United States,,,,,,,,,,,,,,,
DPCSW,Financial Services,United States,,,,,,,,,,,,,,,
DPRO,Industrials,Canada,,,,,,,,,,,,,,,
DRAY,Financial Services,United States,,,,,,,,,,,,,,,
DRAYU,Financial Services,United States,,,,,,,,,,,,,,,
DRCT,Communication Services,United States,,,,,,,,,,,,,,,
DRCTW,Communication Services,United States,,,,,,,,,,,,,,,
DRIO,Healthcare,United States,,,,,,,,,,,,,,,
DRMA,Healthcare,United States,,,,,,,,,,,,,,,
DRTS,Healthcare,Israel,,,,,,,,,,,,,,,
DRTSW,Healthcare,Israel,,,,,,,,,,,,,,,
DRTT,Industrials,Canada,,,,,,,,,,,,,,,
DRUG,Healthcare,Canada,,,,,,,,,,,,,,,
DRVN,Consumer Cyclical,United States,,,,,,,,,,,,,,,
DSAC,Financial Services,Hong Kong,,,,,,,,,,,,,,,
DSACU,Financial Services,Hong Kong,,,,,,,,,,,,,,,
DSEY,Consumer Cyclical,United States,,,,,,,,,,,,,,,
DSGN,Healthcare,United States,,,,,,,,,,,,,,,
DSGX,Technology,Canada,,,,,,,,,,,,,,,
DSKE,Industrials,United States,,,,,,,,,,,,,,,
DSP,Technology,United States,,,,,,,,,,,,,,,
DSWL,Technology,Macau,,,,,,,,,,,,,,,
DTEA,Consumer Defensive,Canada,,,,,,,,,,,,,,,
DTIL,Healthcare,United States,,,,,,,,,,,,,,,
DTOC,Financial Services,United States,,,,,,,,,,,,,,,
DTOCU,Financial Services,United States,,,,,,,,,,,,,,,
DTRT,Financial Services,United States,,,,,,,,,,,,,,,
DTRTU,Financial Services,United States,,,,,,,,,,,,,,,
DTSS,Technology,China,,,,,,,,,,,,,,,
DTST,Technology,United States,,,,,,,,,,,,,,,
DUET,Financial Services,Malaysia,,,,,,,,,,,,,,,
DUETU,Financial Services,Malaysia,,,,,,,,,,,,,,,
DUETW,Financial Services,Malaysia,,,,,,,,,,,,,,,
DUNE,Financial Services,United States,,,,,,,,,,,,,,,
DUNEU,Financial Services,United States,,,,,,,,,,,,,,,
DUOL,Technology,United States,,,,,,,,,,,,,,,
DVAX,Healthcare,United States,,,,,,,,,,,,,,,
DWAC,Financial Services,United States,,,,,,,,,,,,,,,
DWACU,Financial Services,United States,,,,,,,,,,,,,,,
DWACW,Financial Services,United States,,,,,,,,,,,,,,,
DWSN,Energy,United States,,,,,,,,,,,,,,,
DXCM,Healthcare,United States,,,,,,,,,,,,,,,
DXLG,Consumer Cyclical,United States,,,,,,,,,,,,,,,
DXPE,Industrials,United States,,,,,,,,,,,,,,,
DXR,Healthcare,United States,,,,,,,,,,,,,,,
DXYN,Consumer Cyclical,United States,,,,,,,,,,,,,,,
DYAI,Healthcare,United States,,,,,,,,,,,,,,,
DYN,Healthcare,United States,,,,,,,,,,,,,,,
DYNS,Financial Services,United States,,,,,,,,,,,,,,,
DZSI,Technology,United States,,,,,,,,,,,,,,,
EA,Communication Services,United States,,,,,,,,,,,,,,,
EAC,Financial Services,United States,,,,,,,,,,,,,,,
EACPU,Financial Services,United States,,,,,,,,,,,,,,,
EAST,Consumer Defensive,United States,,,,,,,,,,,,,,,
EBAC,Financial Services,Netherlands,,,,,,,,,,,,,,,
EBACU,Financial Services,Netherlands,,,,,,,,,,,,,,,
